{
    "root_group": {
        "name": "",
        "path": "",
        "id": "d41d8cd98f00b204e9800998ecf8427e",
        "groups": {},
        "checks": {
                "health 200": {
                    "fails": 0,
                    "name": "health 200",
                    "path": "::health 200",
                    "id": "8e4f90a842a57472549a6b2cf699032d",
                    "passes": 738
                },
                "register status 200|400": {
                    "id": "d05119ed4103df2d361cc5b8f01ac8b0",
                    "passes": 738,
                    "fails": 0,
                    "name": "register status 200|400",
                    "path": "::register status 200|400"
                },
                "login ok": {
                    "passes": 738,
                    "fails": 0,
                    "name": "login ok",
                    "path": "::login ok",
                    "id": "0ddcda49e3a8b9d6d2e015dafbaafe65"
                },
                "reports 200": {
                    "name": "reports 200",
                    "path": "::reports 200",
                    "id": "9d0fb0417b55c3945a7037faa24b5855",
                    "passes": 738,
                    "fails": 0
                }
            }
    },
    "metrics": {
        "vus_max": {
            "value": 20,
            "min": 20,
            "max": 20
        },
        "http_reqs": {
            "count": 2952,
            "rate": 14.023938027008684
        },
        "http_req_sending": {
            "avg": 0.040452099254742586,
            "min": 0.008924,
            "med": 0.0271625,
            "max": 2.431576,
            "p(90)": 0.0788251,
            "p(95)": 0.10404234999999999
        },
        "http_req_connecting": {
            "avg": 0.0029225921409214094,
            "min": 0,
            "med": 0,
            "max": 1.972683,
            "p(90)": 0,
            "p(95)": 0
        },
        "data_sent": {
            "count": 675148,
            "rate": 3207.3962435836243
        },
        "http_req_tls_handshaking": {
            "p(95)": 0,
            "avg": 0,
            "min": 0,
            "med": 0,
            "max": 0,
            "p(90)": 0
        },
        "http_req_failed": {
            "fails": 2952,
            "passes": 0,
            "thresholds": {
                "rate<0.005": false
            },
            "value": 0
        },
        "vus": {
            "value": 1,
            "min": 0,
            "max": 20
        },
        "http_req_waiting": {
            "avg": 669.0291420020332,
            "min": 0.74786,
            "med": 450.5773785,
            "max": 2695.492767,
            "p(90)": 1602.5111709,
            "p(95)": 1910.0087260499995
        },
        "health_latency": {
            "avg": 229.0344001178859,
            "min": 0.808923,
            "med": 179.38432,
            "max": 1404.60937,
            "p(90)": 488.55109510000017,
            "p(95)": 612.4210395499997
        },
        "checks": {
            "passes": 2952,
            "fails": 0,
            "value": 1
        },
        "http_req_receiving": {
            "max": 17.719251,
            "p(90)": 0.22848430000000003,
            "p(95)": 0.31085794999999994,
            "avg": 0.12597859518970206,
            "min": 0.022452,
            "med": 0.0888585
        },
        "data_received": {
            "count": 1214446,
            "rate": 5769.415799847083
        },
        "http_req_duration": {
            "min": 0.808923,
            "med": 450.6382695,
            "max": 2695.576565,
            "p(90)": 1602.5896472000002,
            "p(95)": 1910.1175449999994,
            "avg": 669.1955726964758,
            "thresholds": {
                "p(95)<1000": true,
                "p(99)<2500": false
            }
        },
        "iterations": {
            "count": 738,
            "rate": 3.505984506752171
        },
        "http_req_blocked": {
            "min": 0.001487,
            "med": 0.004495,
            "max": 2.227042,
            "p(90)": 0.017000200000000007,
            "p(95)": 0.021921099999999992,
            "avg": 0.010971611111111126
        },
        "http_req_duration{expected_response:true}": {
            "min": 0.808923,
            "med": 450.6382695,
            "max": 2695.576565,
            "p(90)": 1602.5896472000002,
            "p(95)": 1910.1175449999994,
            "avg": 669.1955726964758
        },
        "iteration_duration": {
            "avg": 2925.9268426598906,
            "min": 327.116761,
            "med": 2944.628307,
            "max": 6092.580581,
            "p(90)": 4810.0150871000005,
            "p(95)": 5055.779115099999
        }
    }
}